{
    "x": 0.23358079235105347,
    "y": 0.00022652556057634315,
    "z": -0.072
}